Number,Page,Section,Title,Status,URL,Error,HLS Source,Duration,Resolution,Load Time (ms)
1,"HOME","Sing-a-long","Three Little Words Give Me a Smile","PASS","https://go.kingdomlandkids.com/watch/9f733fa5-2577-461d-891d-c7482eefe683?from=home","","https://d394daiw0g5hmq.cloudfront.net/videos/hls/9f733fa5-2577-461d-891d-c7482eefe683/master.m3u8","110s","640x360",4297
2,"HOME","Sing-a-long","Three Little Words Jesus Loves Me This I Know","PASS","https://go.kingdomlandkids.com/watch/03b5883a-9c1d-4424-9ed8-f7c4d427094a?from=home","","https://d394daiw0g5hmq.cloudfront.net/videos/hls/03b5883a-9c1d-4424-9ed8-f7c4d427094a/master.m3u8","134s","640x360",1902
3,"HOME","Sing-a-long","Three Little Words God Made The Fishes","PASS","https://go.kingdomlandkids.com/watch/d20544c6-aaa4-4ca4-9b26-60a6ba9d8f6d?from=home","","https://d394daiw0g5hmq.cloudfront.net/videos/hls/d20544c6-aaa4-4ca4-9b26-60a6ba9d8f6d/master.m3u8","136s","1280x720",2075
4,"HOME","Sing-a-long","Three Little Words","PASS","https://go.kingdomlandkids.com/watch/a34d7b59-cc4b-4eae-8de9-6c1a14be954f?from=home","","https://d394daiw0g5hmq.cloudfront.net/videos/hls/a34d7b59-cc4b-4eae-8de9-6c1a14be954f/master.m3u8","99s","640x360",1932
5,"HOME","Sing-a-long","Three Little Words Soap Soap Soap","PASS","https://go.kingdomlandkids.com/watch/ba2fa46e-ba41-4461-bb5b-2ba09acf82ff?from=home","","https://d394daiw0g5hmq.cloudfront.net/videos/hls/ba2fa46e-ba41-4461-bb5b-2ba09acf82ff/master.m3u8","138s","640x360",2799
6,"HOME","Sing-a-long","Three Little Words Walking with Jesus","PASS","https://go.kingdomlandkids.com/watch/44fd7a7e-c2f8-4186-bf8f-091988a6aaf4?from=home","","https://d394daiw0g5hmq.cloudfront.net/videos/hls/44fd7a7e-c2f8-4186-bf8f-091988a6aaf4/master.m3u8","181s","1280x720",2288
7,"HOME","Sing-a-long","Three Little Words A Slave In Egypt","PASS","https://go.kingdomlandkids.com/watch/37d3002d-07f5-4e76-b74b-66687aba5b97?from=home","","https://d394daiw0g5hmq.cloudfront.net/videos/hls/37d3002d-07f5-4e76-b74b-66687aba5b97/master.m3u8","169s","640x360",2120
8,"HOME","Sing-a-long","Three Little Words Great Big God","PASS","https://go.kingdomlandkids.com/watch/431396dd-6a7d-4ecc-97e0-705f02145de3?from=home","","https://d394daiw0g5hmq.cloudfront.net/videos/hls/431396dd-6a7d-4ecc-97e0-705f02145de3/master.m3u8","154s","640x360",2154
9,"HOME","Sing-a-long","Three Little Words Hallelujah","PASS","https://go.kingdomlandkids.com/watch/49e27866-fcb2-43cc-9dca-02c23db27067?from=home","","https://d394daiw0g5hmq.cloudfront.net/videos/hls/49e27866-fcb2-43cc-9dca-02c23db27067/master.m3u8","165s","640x360",2590
10,"HOME","Sing-a-long","Three Little Words I Am So Happy","PASS","https://go.kingdomlandkids.com/watch/d7c2eac2-f383-4a48-8d26-2cfe8794bd43?from=home","","https://d394daiw0g5hmq.cloudfront.net/videos/hls/d7c2eac2-f383-4a48-8d26-2cfe8794bd43/master.m3u8","170s","640x360",5511
11,"HOME","Sing-a-long","Music for Learn","PASS","https://go.kingdomlandkids.com/watch/dcece694-9bd6-4304-b05f-8ef32944670f?from=home","","https://d394daiw0g5hmq.cloudfront.net/videos/hls/dcece694-9bd6-4304-b05f-8ef32944670f/master.m3u8","1444s","640x360",2053
12,"HOME","Sing-a-long","Music for Faith","PASS","https://go.kingdomlandkids.com/watch/ace93d9d-d251-4d2b-998e-3327e9222f6a?from=home","","https://d394daiw0g5hmq.cloudfront.net/videos/hls/ace93d9d-d251-4d2b-998e-3327e9222f6a/master.m3u8","1304s","640x360",2044
13,"HOME","Life Skills","Big History: Duke Ellington","PASS","https://go.kingdomlandkids.com/watch/40d4b6c0-7a92-45a5-8c54-b36f28a3ce59?from=home","","https://d394daiw0g5hmq.cloudfront.net/videos/hls/40d4b6c0-7a92-45a5-8c54-b36f28a3ce59/master.m3u8","160s","640x360",2761
14,"HOME","Life Skills","Big History: Madam CJ Walker","PASS","https://go.kingdomlandkids.com/watch/61cd96b0-7de2-4bf7-a1a4-f057968b152e?from=home","","https://d394daiw0g5hmq.cloudfront.net/videos/hls/61cd96b0-7de2-4bf7-a1a4-f057968b152e/master.m3u8","186s","640x360",3051
15,"HOME","Life Skills","Big History: Ruby Bridges","PASS","https://go.kingdomlandkids.com/watch/6b70815b-682a-475f-8824-4d65d031953b?from=home","","https://d394daiw0g5hmq.cloudfront.net/videos/hls/6b70815b-682a-475f-8824-4d65d031953b/master.m3u8","161s","640x360",3415
16,"HOME","Life Skills","Big History: Jackie Robinson","PASS","https://go.kingdomlandkids.com/watch/5e084c09-7ae1-43e3-ad9d-9551ade7bacb?from=home","","https://d394daiw0g5hmq.cloudfront.net/videos/hls/5e084c09-7ae1-43e3-ad9d-9551ade7bacb/master.m3u8","179s","640x360",2362
17,"HOME","Life Skills","Big History: Albert Einstein","PASS","https://go.kingdomlandkids.com/watch/b57766e9-f3ea-4ef4-b04c-b3b0c8023d82?from=home","","https://d394daiw0g5hmq.cloudfront.net/videos/hls/b57766e9-f3ea-4ef4-b04c-b3b0c8023d82/master.m3u8","145s","640x360",2408
18,"HOME","Life Skills","How To Talk to Jesus","PASS","https://go.kingdomlandkids.com/watch/f28325cf-2e02-46f1-b59e-7f7668f61f2f?from=home","","https://d394daiw0g5hmq.cloudfront.net/videos/hls/f28325cf-2e02-46f1-b59e-7f7668f61f2f/master.m3u8","88s","640x360",2599
19,"HOME","Life Skills","Dr. Martin Luther King Jr.","PASS","https://go.kingdomlandkids.com/watch/89a8dd1a-fb4a-45be-bc60-e9bebb877bb9?from=home","","https://d394daiw0g5hmq.cloudfront.net/videos/hls/89a8dd1a-fb4a-45be-bc60-e9bebb877bb9/master.m3u8","97s","640x360",2744
20,"HOME","Life Skills","Rosa Parks","PASS","https://go.kingdomlandkids.com/watch/b46a2954-0cda-4605-b548-a3904c612d06?from=home","","https://d394daiw0g5hmq.cloudfront.net/videos/hls/b46a2954-0cda-4605-b548-a3904c612d06/master.m3u8","102s","640x360",2417
21,"HOME","Life Skills","The Bird With Courage","PASS","https://go.kingdomlandkids.com/watch/883659e0-d0ad-451e-a5d6-ad0c7d8324d3?from=home","","https://d394daiw0g5hmq.cloudfront.net/videos/hls/883659e0-d0ad-451e-a5d6-ad0c7d8324d3/master.m3u8","119s","1280x720",3324
22,"HOME","Life Skills","Fire Safety School Drills","PASS","https://go.kingdomlandkids.com/watch/02b7eba5-06ac-4543-81fd-a5691dee7340?from=home","","https://d394daiw0g5hmq.cloudfront.net/videos/hls/02b7eba5-06ac-4543-81fd-a5691dee7340/master.m3u8","230s","640x360",2600
23,"HOME","Life Skills","Unicatz Joy of Learning","PASS","https://go.kingdomlandkids.com/watch/56ab3fea-b6c9-430c-92c2-38bc52fcd51f?from=home","","https://d394daiw0g5hmq.cloudfront.net/videos/hls/56ab3fea-b6c9-430c-92c2-38bc52fcd51f/master.m3u8","85s","640x360",3375
24,"HOME","Life Skills","Mental Health and God","PASS","https://go.kingdomlandkids.com/watch/5e4d922f-f256-453c-b524-ae29b659bbaf?from=home","","https://d394daiw0g5hmq.cloudfront.net/videos/hls/5e4d922f-f256-453c-b524-ae29b659bbaf/master.m3u8","212s","640x360",2737
25,"HOME","Numbers","Quick Math","PASS","https://go.kingdomlandkids.com/watch/a710d159-379a-4476-82d1-a0cef1de4e08?from=home","","https://d394daiw0g5hmq.cloudfront.net/videos/hls/a710d159-379a-4476-82d1-a0cef1de4e08/master.m3u8","77s","1280x720",3414
26,"HOME","Numbers","Measure Area and Volume","PASS","https://go.kingdomlandkids.com/watch/bf0b3073-9b1c-4317-8514-f8ca826fb4b7?from=home","","https://d394daiw0g5hmq.cloudfront.net/videos/hls/bf0b3073-9b1c-4317-8514-f8ca826fb4b7/master.m3u8","43s","640x360",2780
27,"HOME","Numbers","Unicatz Count to 20","PASS","https://go.kingdomlandkids.com/watch/9cf8562f-9214-4f34-8b64-4ac1e8aed89c?from=home","","https://d394daiw0g5hmq.cloudfront.net/videos/hls/9cf8562f-9214-4f34-8b64-4ac1e8aed89c/master.m3u8","83s","640x360",3153
28,"HOME","Numbers","Gabby Globber (GG) Counting by 5s and 10s","PASS","https://go.kingdomlandkids.com/watch/f6a510dd-d13f-45d5-a85b-56b8f7873e50?from=home","","https://d394daiw0g5hmq.cloudfront.net/videos/hls/f6a510dd-d13f-45d5-a85b-56b8f7873e50/master.m3u8","204s","640x360",2903
29,"HOME","Numbers","Gabby Globber (GG) Counts by 5s","PASS","https://go.kingdomlandkids.com/watch/c87012b5-2144-4493-ae0c-6adfb46b4957?from=home","","https://d394daiw0g5hmq.cloudfront.net/videos/hls/c87012b5-2144-4493-ae0c-6adfb46b4957/master.m3u8","134s","640x360",2769
30,"HOME","Numbers","Gabby Globber (GG) Counts by 10s","PASS","https://go.kingdomlandkids.com/watch/75a48dfd-1d3a-4d4a-ac6a-f708d82d8fcc?from=home","","https://d394daiw0g5hmq.cloudfront.net/videos/hls/75a48dfd-1d3a-4d4a-ac6a-f708d82d8fcc/master.m3u8","213s","640x360",3434
31,"HOME","Numbers","H3 Count it Up","PASS","https://go.kingdomlandkids.com/watch/7108df62-4c23-4990-b2ef-57ddd709371b?from=home","","https://d394daiw0g5hmq.cloudfront.net/videos/hls/7108df62-4c23-4990-b2ef-57ddd709371b/master.m3u8","164s","640x360",2790
32,"HOME","Numbers","H3 Colors and Numbers","PASS","https://go.kingdomlandkids.com/watch/94b300e1-d14a-47dc-87f0-f022ed6476bc?from=home","","https://d394daiw0g5hmq.cloudfront.net/videos/hls/94b300e1-d14a-47dc-87f0-f022ed6476bc/master.m3u8","124s","640x360",2835
33,"HOME","Numbers","Number Sense","PASS","https://go.kingdomlandkids.com/watch/c16a1a0f-2c9e-46f5-a966-e80f3cd76410?from=home","","https://d394daiw0g5hmq.cloudfront.net/videos/hls/c16a1a0f-2c9e-46f5-a966-e80f3cd76410/master.m3u8","72s","640x360",2705
34,"HOME","Numbers","Number Lines","PASS","https://go.kingdomlandkids.com/watch/2e3eadcc-ae4b-42b7-ae54-9aec7ff550f7?from=home","","https://d394daiw0g5hmq.cloudfront.net/videos/hls/2e3eadcc-ae4b-42b7-ae54-9aec7ff550f7/master.m3u8","73s","640x360",2320
35,"HOME","Numbers","Modeling Multiplication","PASS","https://go.kingdomlandkids.com/watch/6e74aba2-2133-4d87-bf4d-8cdd991ec27b?from=home","","https://d394daiw0g5hmq.cloudfront.net/videos/hls/6e74aba2-2133-4d87-bf4d-8cdd991ec27b/master.m3u8","33s","640x360",2779
36,"HOME","Numbers","Math With Money","PASS","https://go.kingdomlandkids.com/watch/782ad9b1-5cd5-42cc-b8c5-3c28b3077726?from=home","","https://d394daiw0g5hmq.cloudfront.net/videos/hls/782ad9b1-5cd5-42cc-b8c5-3c28b3077726/master.m3u8","52s","640x360",2550
37,"HOME","ABC","H3 5 Vowels","PASS","https://go.kingdomlandkids.com/watch/c3e380b8-57ea-4094-b312-7186b4182477?from=home","","https://d394daiw0g5hmq.cloudfront.net/videos/hls/c3e380b8-57ea-4094-b312-7186b4182477/master.m3u8","160s","640x360",2623
38,"HOME","Bible Stories","Unicatz Alphabet Song","PASS","https://go.kingdomlandkids.com/watch/866ae349-9baf-4757-aa17-39247e8a4222?from=home","","https://d394daiw0g5hmq.cloudfront.net/videos/hls/866ae349-9baf-4757-aa17-39247e8a4222/master.m3u8","95s","640x360",30291
39,"HOME","ABC","Disagreement of Occupations | ABCs","PASS","https://go.kingdomlandkids.com/watch/a4e15e08-63a5-4021-b2fe-dc6a01ffd3cd?from=home","","https://d394daiw0g5hmq.cloudfront.net/videos/hls/a4e15e08-63a5-4021-b2fe-dc6a01ffd3cd/master.m3u8","76s","640x360",2453
40,"HOME","Sing-a-long","Sound it Out","PASS","https://go.kingdomlandkids.com/watch/ef960175-a650-4f5c-bec3-70fc2c4996ac?from=home","","https://d394daiw0g5hmq.cloudfront.net/videos/hls/ef960175-a650-4f5c-bec3-70fc2c4996ac/master.m3u8","142s","640x360",2965
41,"HOME","ABC","Lost in the Internet","PASS","https://go.kingdomlandkids.com/watch/cc438094-dbd9-48e5-a966-d901f9f49b13?from=home","","https://d394daiw0g5hmq.cloudfront.net/videos/hls/cc438094-dbd9-48e5-a966-d901f9f49b13/master.m3u8","379s","640x360",2617
42,"HOME","ABC","H3 ABC","PASS","https://go.kingdomlandkids.com/watch/409f00e2-5336-4ec8-8b9e-e8fef82cfdef?from=home","","https://d394daiw0g5hmq.cloudfront.net/videos/hls/409f00e2-5336-4ec8-8b9e-e8fef82cfdef/master.m3u8","109s","640x360",2939
43,"HOME","ABC","Malar's Big House Read-Along","PASS","https://go.kingdomlandkids.com/watch/6884d622-637e-4168-a1a0-c6d2c02aad06?from=home","","https://d394daiw0g5hmq.cloudfront.net/videos/hls/6884d622-637e-4168-a1a0-c6d2c02aad06/master.m3u8","105s","640x360",2996
44,"HOME","ABC","Chiu's Power Read-Along | ABCs | KingdomLand","PASS","https://go.kingdomlandkids.com/watch/899e5572-e6df-4dcd-8263-ceca77877975?from=home","","https://d394daiw0g5hmq.cloudfront.net/videos/hls/899e5572-e6df-4dcd-8263-ceca77877975/master.m3u8","125s","640x360",2839
45,"HOME","ABC","Meera and Ameera","PASS","https://go.kingdomlandkids.com/watch/91b9c45f-1472-4794-a534-14ccda5d750f?from=home","","https://d394daiw0g5hmq.cloudfront.net/videos/hls/91b9c45f-1472-4794-a534-14ccda5d750f/master.m3u8","127s","640x360",2964
46,"HOME","ABC","Great Tidy up","PASS","https://go.kingdomlandkids.com/watch/f0c9560b-17d8-45a5-a87b-1b89082f9705?from=home","","https://d394daiw0g5hmq.cloudfront.net/videos/hls/f0c9560b-17d8-45a5-a87b-1b89082f9705/master.m3u8","101s","640x360",3056
47,"HOME","ABC","Brave Bora Motion Book","PASS","https://go.kingdomlandkids.com/watch/adea5180-0077-4b6f-90f7-fe53ce334710?from=home","","https://d394daiw0g5hmq.cloudfront.net/videos/hls/adea5180-0077-4b6f-90f7-fe53ce334710/master.m3u8","113s","640x360",3300
48,"HOME","ABC","Auntie Bois Gift Motion Book","PASS","https://go.kingdomlandkids.com/watch/3820a4b0-b2de-42de-9614-6719fba36287?from=home","","https://d394daiw0g5hmq.cloudfront.net/videos/hls/3820a4b0-b2de-42de-9614-6719fba36287/master.m3u8","174s","640x360",3050
49,"HOME","Bible Adventures","Bible in Clay: Feeding 5,000","PASS","https://go.kingdomlandkids.com/watch/986e1bb6-faa3-4bb8-b52f-69c1795197d6?from=home","","https://d394daiw0g5hmq.cloudfront.net/videos/hls/986e1bb6-faa3-4bb8-b52f-69c1795197d6/master.m3u8","149s","640x360",2360
50,"HOME","Bible Adventures","Bible In Clay: The Burning Bush","PASS","https://go.kingdomlandkids.com/watch/bab088e9-e57b-41f7-8725-b5173bc2acd3?from=home","","https://d394daiw0g5hmq.cloudfront.net/videos/hls/bab088e9-e57b-41f7-8725-b5173bc2acd3/master.m3u8","99s","1280x720",2069
51,"HOME","Bible Adventures","Bible Trivia: Daniel and The Lions Den","PASS","https://go.kingdomlandkids.com/watch/863edccb-d7b6-4996-9abc-b8f3158f8abf?from=home","","https://d394daiw0g5hmq.cloudfront.net/videos/hls/863edccb-d7b6-4996-9abc-b8f3158f8abf/master.m3u8","182s","640x360",1930
52,"HOME","Bible Adventures","Bible Explained: The Walls of Jericho","PASS","https://go.kingdomlandkids.com/watch/c0d8d46d-b8e4-4148-a509-80036acdf592?from=home","","https://d394daiw0g5hmq.cloudfront.net/videos/hls/c0d8d46d-b8e4-4148-a509-80036acdf592/master.m3u8","188s","640x360",1947
53,"HOME","Bible Adventures","The Bible Explained: Noah’s Ark","PASS","https://go.kingdomlandkids.com/watch/1bdfdf06-9d1d-4810-bd44-77ae9d50ea8d?from=home","","https://d394daiw0g5hmq.cloudfront.net/videos/hls/1bdfdf06-9d1d-4810-bd44-77ae9d50ea8d/master.m3u8","174s","640x360",2400
54,"HOME","Bible Adventures","The Bible Explained: The Joseph Story","PASS","https://go.kingdomlandkids.com/watch/ff6df5f6-dd4d-43de-84d3-71d4800505f9?from=home","","https://d394daiw0g5hmq.cloudfront.net/videos/hls/ff6df5f6-dd4d-43de-84d3-71d4800505f9/master.m3u8","128s","640x360",2200
55,"HOME","Bible Adventures","Bible Trivia: Noah and The Ark","PASS","https://go.kingdomlandkids.com/watch/4549525c-cff7-45ad-8d35-f4fe98956f59?from=home","","https://d394daiw0g5hmq.cloudfront.net/videos/hls/4549525c-cff7-45ad-8d35-f4fe98956f59/master.m3u8","201s","640x360",1633
56,"HOME","Bible Adventures","The Bible Explained: The Gospels","PASS","https://go.kingdomlandkids.com/watch/d00246ae-ce0b-4158-ab9e-89e799c84c21?from=home","","https://d394daiw0g5hmq.cloudfront.net/videos/hls/d00246ae-ce0b-4158-ab9e-89e799c84c21/master.m3u8","117s","640x360",2651
57,"HOME","Bible Adventures","The Book of Exodus Explained","PASS","https://go.kingdomlandkids.com/watch/f8f39b9a-921b-408a-9f1f-55d30998cad3?from=home","","https://d394daiw0g5hmq.cloudfront.net/videos/hls/f8f39b9a-921b-408a-9f1f-55d30998cad3/master.m3u8","111s","640x360",2484
58,"HOME","Bible Adventures","The Book Of Genesis Explained","PASS","https://go.kingdomlandkids.com/watch/ba56b389-d4e8-4916-ac8a-9a4b7a04eb9b?from=home","","https://d394daiw0g5hmq.cloudfront.net/videos/hls/ba56b389-d4e8-4916-ac8a-9a4b7a04eb9b/master.m3u8","117s","640x360",2397
59,"HOME","Bible Adventures","Bible In Clay: Creation","PASS","https://go.kingdomlandkids.com/watch/74910684-c7fc-43c4-9848-6b56e92efa8e?from=home","","https://d394daiw0g5hmq.cloudfront.net/videos/hls/74910684-c7fc-43c4-9848-6b56e92efa8e/master.m3u8","139s","640x360",2257
60,"HOME","Bible Adventures","God Loves Me","PASS","https://go.kingdomlandkids.com/watch/9c555f80-2aac-4202-aad2-3b0a33330091?from=home","","https://d394daiw0g5hmq.cloudfront.net/videos/hls/9c555f80-2aac-4202-aad2-3b0a33330091/master.m3u8","189s","1280x720",3013
61,"HOME","Marvelous Light Series","Marvelous Light Season 2","PASS","https://go.kingdomlandkids.com/watch/7fe87928-5e50-4be5-8853-f4052ae0e9e5?from=home","","https://d394daiw0g5hmq.cloudfront.net/videos/hls/7fe87928-5e50-4be5-8853-f4052ae0e9e5/master.m3u8","4453s","640x360",2168
62,"HOME","Marvelous Light Series","Marvelous Light Season 1","PASS","https://go.kingdomlandkids.com/watch/1d86c3dc-371d-4aad-8fdd-eb9749426b21?from=home","","https://d394daiw0g5hmq.cloudfront.net/videos/hls/1d86c3dc-371d-4aad-8fdd-eb9749426b21/master.m3u8","3814s","640x360",3330
63,"HOME","Marvelous Light Series","Marvelous Light Season 2 Trailer","PASS","https://go.kingdomlandkids.com/watch/b35ad341-6926-4644-9fab-72ec46553dd2?from=home","","https://d394daiw0g5hmq.cloudfront.net/videos/hls/b35ad341-6926-4644-9fab-72ec46553dd2/master.m3u8","79s","640x360",2159
64,"HOME","Marvelous Light Series","Marvelous Light Season 1 Trailer","PASS","https://go.kingdomlandkids.com/watch/d61e32fe-1abf-4226-85df-6fe4959fa67f?from=home","","https://d394daiw0g5hmq.cloudfront.net/videos/hls/d61e32fe-1abf-4226-85df-6fe4959fa67f/master.m3u8","97s","1280x720",2925
65,"HOME","Marvelous Light Series","Marvelous Light Easter Episode","PASS","https://go.kingdomlandkids.com/watch/8fdb17dc-2ad5-42fd-af0d-592f7c4cb14d?from=home","","https://d394daiw0g5hmq.cloudfront.net/videos/hls/8fdb17dc-2ad5-42fd-af0d-592f7c4cb14d/master.m3u8","676s","640x360",3546
66,"HOME","Marvelous Light Series","Marvelous Light Episode 9 Meet Jesus Part 2","PASS","https://go.kingdomlandkids.com/watch/be3ee1b4-02e4-4f36-80d5-2cf4ebfe587d?from=home","","https://d394daiw0g5hmq.cloudfront.net/videos/hls/be3ee1b4-02e4-4f36-80d5-2cf4ebfe587d/master.m3u8","371s","640x360",3195
67,"HOME","Marvelous Light Series","Marvelous Light Episode 8 Meet Jesus Part 1","PASS","https://go.kingdomlandkids.com/watch/b57d0b33-1699-4a8e-9deb-add4d2ecf120?from=home","","https://d394daiw0g5hmq.cloudfront.net/videos/hls/b57d0b33-1699-4a8e-9deb-add4d2ecf120/master.m3u8","443s","640x360",3150
68,"HOME","Marvelous Light Series","Marvelous Light Episode 7 Noah Part 2","PASS","https://go.kingdomlandkids.com/watch/739479bc-ba0e-4c88-9915-bb85961e53a1?from=home","","https://d394daiw0g5hmq.cloudfront.net/videos/hls/739479bc-ba0e-4c88-9915-bb85961e53a1/master.m3u8","349s","640x360",2561
69,"HOME","Marvelous Light Series","Marvelous Light Episode 6 Noah Part 1","PASS","https://go.kingdomlandkids.com/watch/11ad7290-a7b1-465e-bc1a-18eff346fc28?from=home","","https://d394daiw0g5hmq.cloudfront.net/videos/hls/11ad7290-a7b1-465e-bc1a-18eff346fc28/master.m3u8","395s","640x360",2943
70,"HOME","Marvelous Light Series","Marvelous Light Christmas Episode","PASS","https://go.kingdomlandkids.com/watch/bc901b64-febc-4ace-af92-6f419cab026f?from=home","","https://d394daiw0g5hmq.cloudfront.net/videos/hls/bc901b64-febc-4ace-af92-6f419cab026f/master.m3u8","302s","640x360",3285
71,"HOME","Marvelous Light Series","Marvelous Light Episode 5 Three Hebrew Boys","PASS","https://go.kingdomlandkids.com/watch/d31a737b-5e14-48a6-b108-3b9956d4f0d7?from=home","","https://d394daiw0g5hmq.cloudfront.net/videos/hls/d31a737b-5e14-48a6-b108-3b9956d4f0d7/master.m3u8","135s","1280x720",3402
72,"HOME","Marvelous Light Series","Marvelous Light Season 2 Episode 12 Jonah and the Whale","PASS","https://go.kingdomlandkids.com/watch/d12ae97b-1174-4517-8571-28d92c4318bd?from=home","","https://d394daiw0g5hmq.cloudfront.net/videos/hls/d12ae97b-1174-4517-8571-28d92c4318bd/master.m3u8","512s","640x360",3257